Post_Weekday	Post_Hour	Paid	Lifetime_Post_Total_Reach	Lifetime_Post_Total_Impressions	Lifetime_Engaged_Users	Lifetime_Post_Consumers	Lifetime_Post_Consumptions	Lifetime_Post_Impressions_by_people_who_have_liked_your_Page	Lifetime_Post_reach_by_people_who_like_your_Page	Lifetime_People_who_have_liked_your_Page_and_engaged_with_your_post	comment	like	share	Total_Interactions	ain	aout	class
4	3	0	2752	5091	178	109	159	3078	1640	119	4	79	17	100	7843	446	CR
3	10	0	10460	19057	1457	1361	1674	11710	6112	1108	5	130	29	164	29517	4492	IO
3	3	0	2413	4373	177	113	154	2812	1503	132	0	66	14	80	6786	444	CR
2	10	1	50128	87991	2211	790	1119	61027	32048	1386	58	1572	147	1777	138120	4120	CR
2	3	0	7244	13594	671	410	580	6228	3200	396	19	325	49	393	20838	1661	CR
1	9	0	10472	20849	1191	1073	1389	16034	7852	1016	1	152	33	186	31321	3653	IO
1	3	1	11692	19479	481	265	364	15432	9328	379	3	249	27	279	31172	1110	CR
7	9	1	13720	24137	537	232	305	19728	11056	422	0	325	14	339	37858	1074	CR
7	3	0	11844	22538	1530	1407	1692	15220	7912	1250	0	161	31	192	34382	4629	IO
6	10	0	4694	8668	280	183	250	4309	2324	199	3	113	26	142	13362	713	CR
5	10	0	21744	42334	4258	4100	4540	37849	18952	3798	0	233	19	252	64078	12898	IO
5	10	0	3112	5590	208	127	145	3887	2174	165	0	88	18	106	8702	480	CR
5	10	0	2847	5133	193	115	133	3779	2072	152	0	90	14	104	7980	441	CR
5	3	0	2549	4896	249	134	168	3631	1917	183	5	137	10	152	7445	551	CR
4	5	1	22784	39941	887	337	417	34415	19312	684	2	577	20	599	62726	1641	CR
3	10	0	10060	19680	1264	1209	1425	17272	8548	1162	4	86	18	108	29740	3898	IO
3	3	0	1722	2981	163	123	148	1868	1050	123	2	40	12	54	4703	434	CR
2	12	1	53264	111785	1706	1103	1655	92512	39776	1307	15	678	20	713	165050	4464	CR
2	3	0	3930	7509	130	86	112	5009	2410	101	4	54	17	75	11439	328	IO
1	11	0	1591	2825	121	88	111	2116	1161	100	0	34	8	42	4416	320	CR
1	3	0	2848	5066	200	142	184	3561	1963	157	3	66	12	81	7914	526	CR
7	10	0	1384	2467	15	15	20	2196	1172	15	0	0	0	0	3851	50	CR
7	10	0	3454	6853	118	104	130	6282	3100	106	0	16	2	18	10307	352	NC
7	3	0	2723	4888	176	118	143	2964	1621	143	0	72	24	96	7611	437	CR
6	10	0	8488	15294	1341	1270	1489	9684	5244	995	3	99	19	121	23782	4100	IO
6	3	0	8284	15104	1521	1462	1711	10266	5372	1200	0	88	18	106	23388	4694	IO
5	11	0	19552	34143	2806	2531	3420	17748	9824	1779	10	412	72	494	53695	8757	IO
5	3	0	2478	4306	212	124	149	2612	1443	166	0	100	17	117	6784	485	CR
5	3	0	9560	18264	973	559	885	9217	4748	621	36	523	63	622	27824	2417	CR
4	11	1	36208	61262	1141	1068	1728	30131	14112	559	18	143	13	174	97471	3937	NC
4	2	0	4940	9390	385	306	501	5860	2930	273	33	107	22	162	14330	1192	CR
3	10	0	1683	2929	192	171	221	1585	858	131	1	27	11	39	4612	584	CR
3	3	0	5280	9578	368	237	345	4480	2422	268	2	155	47	204	14858	950	CR
2	9	0	3002	5318	268	185	247	3039	1676	194	4	98	23	125	8320	700	CR
2	3	0	3766	7149	298	260	431	5782	2938	244	2	56	17	75	10915	989	CR
1	11	0	4512	7808	423	284	431	5183	2954	316	6	172	21	199	12320	1138	CR
1	3	0	2690	4628	252	168	226	3052	1727	199	0	96	17	113	7318	646	CR
7	10	1	19800	28663	479	424	805	5187	2752	248	16	76	8	100	48464	1708	CR
7	9	0	17576	33058	5352	5202	6547	23135	11792	4104	11	227	31	269	50634	17101	IO
7	3	0	3290	6085	306	284	402	4986	2584	247	1	44	14	59	9375	992	CR
6	11	0	13280	24198	2055	1912	2720	17627	9344	1716	7	216	39	262	37478	6687	IO
6	3	1	18480	28438	517	366	460	12078	6752	319	6	187	18	211	46919	1343	NC
5	10	0	7268	13989	2087	2079	12074	13544	7096	1975	7	26	3	36	21257	16240	CR
5	3	1	2645	4270	134	109	170	2330	1377	101	7	29	10	46	6916	413	NC
4	11	0	4284	8387	355	316	513	7283	3634	291	0	47	11	58	12671	1184	CR
4	3	1	7968	13023	206	158	223	6734	3492	138	4	57	10	71	20992	587	NC
3	11	0	16576	30612	3572	3464	4802	24363	12888	3014	4	174	36	214	47188	11838	IO
3	2	0	1925	3481	97	83	126	2307	1180	77	6	18	8	32	5406	306	NC
2	11	0	3786	7329	338	283	450	6336	3216	280	0	77	15	92	11115	1071	CR
2	2	0	1536	3094	84	76	99	2903	1407	76	1	12	1	14	4630	259	NC
1	9	0	1728	3155	108	65	95	2313	1232	77	1	48	9	58	4883	268	CR
1	3	1	25248	40125	726	467	863	16132	8608	451	24	285	28	337	65374	2056	CR
7	9	0	4894	8899	355	181	264	4914	2712	246	9	202	31	242	13793	800	CR
7	3	0	2935	5439	237	182	401	3901	2044	201	4	64	19	87	8374	820	CR
6	10	0	2425	4462	260	213	433	3017	1510	175	4	66	13	83	6887	906	CR
6	2	1	16416	31950	459	411	539	21436	9568	363	2	65	14	81	48367	1409	NC
5	11	0	5812	10465	343	204	301	4976	2764	240	2	164	54	220	16277	848	CR
5	3	0	2545	4846	165	131	167	3675	1901	134	0	40	13	53	7391	463	CR
4	10	0	2257	4372	230	173	327	3188	1557	168	3	76	11	90	6629	730	CR
4	3	1	27072	84885	421	304	487	35637	9712	263	4	139	17	160	111958	1212	CR
3	11	1	10940	27951	417	335	591	15066	5100	319	8	101	14	123	38892	1343	CR
3	2	1	50912	164528	630	513	952	54653	12704	346	8	144	10	162	215441	2095	CR
2	10	1	28752	47358	802	654	1268	14091	7456	408	10	179	13	202	76111	2724	CR
2	3	1	27216	81908	541	335	540	26869	7760	315	4	219	22	245	109125	1416	CR
1	10	0	2352	5234	232	182	258	4101	1761	181	2	60	7	69	7586	672	CR
1	3	0	3416	6167	356	298	641	4530	2388	280	19	77	23	119	9583	1295	CR
7	11	0	2149	4120	197	156	219	3302	1640	161	0	48	7	55	6269	572	CR
7	3	1	53456	93790	1576	995	1469	32646	14912	884	20	697	70	787	147247	4040	CR
6	11	0	2168	3891	211	168	202	2873	1539	171	0	53	17	70	6059	581	CR
6	3	0	3102	5939	360	288	512	3537	1780	275	7	84	28	119	9041	1160	CR
5	10	1	39344	103050	588	460	695	39304	11392	336	7	146	9	162	142395	1743	CR
5	3	1	100768	220447	2101	1735	2331	59658	18880	885	17	449	84	550	321216	6167	NC
4	11	0	9056	16362	1006	847	1153	9562	5180	740	3	226	44	273	25418	3006	IO
4	2	1	11444	46054	555	418	717	13737	4320	438	14	172	47	233	57499	1690	CR
3	11	0	13544	30235	517	458	667	26622	11760	447	2	99	13	114	43779	1642	NC
3	2	1	37376	68610	1150	808	1341	22100	10880	724	20	411	74	505	105987	3299	CR
3	2	0	1228	2392	17	17	19	2392	1228	17	0	0	0	0	3620	53	CR
1	10	0	22984	59040	438	374	542	12716	4968	262	4	85	8	97	82024	1354	CR
1	3	0	1445	2774	217	167	211	1924	1005	154	0	56	8	64	4219	595	CR
7	12	0	3754	8533	658	640	2085	6838	3224	598	2	29	7	38	12287	3383	CR
7	3	0	8728	17827	2295	2235	2828	15418	7344	2099	2	86	13	101	26555	7358	IO
6	10	0	5990	11123	657	361	512	5057	2628	428	18	370	53	441	17113	1530	CR
6	3	0	4582	9193	454	306	431	3691	1722	305	5	190	57	252	13775	1191	CR
5	10	1	2938	5799	321	243	379	3668	1848	236	2	101	19	122	8738	943	CR
5	2	0	6692	13092	199	108	141	7549	3336	156	2	99	16	117	19784	448	IO
4	9	1	2566	5244	384	280	469	3834	1806	266	10	140	8	158	7811	1133	CR
4	3	0	21176	54779	330	228	329	13858	5248	185	2	130	31	163	75955	887	NC
3	10	0	4012	7955	550	319	477	4625	2218	403	3	270	38	311	11967	1346	CR
3	3	0	1531	2838	212	189	1359	1210	690	143	3	30	6	39	4369	1760	CR
2	11	1	2938	6056	374	283	483	4509	2078	287	2	107	17	126	8995	1140	CR
2	3	0	24720	37240	845	564	850	14475	8120	504	13	331	77	421	61960	2259	CR
1	9	0	2219	4545	287	220	329	3189	1495	221	0	78	13	91	6764	836	CR
1	3	0	4732	9303	607	352	518	6201	3136	445	9	301	32	342	14035	1477	CR
7	9	0	2225	4239	310	216	289	2570	1389	233	2	111	16	129	6464	815	CR
7	4	0	2626	4943	316	213	299	3047	1605	244	2	124	22	148	7569	828	CR
6	10	0	3090	5744	391	257	360	3521	1796	293	5	153	27	185	8834	1008	CR
6	3	0	1101	2548	324	287	2418	1284	704	220	3	51	11	65	3649	3029	CR
5	11	0	2819	5230	318	218	303	3128	1622	240	1	115	26	142	8049	839	CR
5	3	1	12468	24917	2143	1966	2576	15850	7636	1661	7	310	61	378	37386	6685	IO
4	10	0	12776	21893	785	539	881	13272	7800	575	12	328	90	430	34669	2205	CR
4	9	1	1357	2453	37	37	55	2154	1120	32	0	0	0	0	3811	129	CR
4	3	0	68896	104952	2624	1326	1952	35707	19840	1354	26	1505	95	1626	173848	5902	CR
3	10	0	1711	3174	288	245	339	2226	1118	205	2	63	14	79	4885	872	CR
3	4	0	1388	2544	224	219	931	2161	1214	172	0	13	4	17	3932	1374	CR
2	11	1	2645	5472	357	315	482	4485	2101	265	4	59	9	72	8118	1154	CR
2	4	0	70144	111745	3216	2628	4782	43671	20608	1542	42	955	139	1136	181889	10626	CR
1	11	0	3674	7221	452	330	487	3832	1890	328	9	181	32	222	10895	1269	CR
1	4	0	9504	19556	1132	1032	1512	16018	7616	981	17	193	28	238	29060	3676	IO
7	9	0	2426	4469	320	237	325	3120	1684	248	7	125	16	148	6895	882	CR
7	3	0	13872	27468	2664	2570	3395	20198	10432	2252	4	217	50	271	41340	8629	IO
6	10	0	1673	3655	338	324	1619	2598	1469	268	2	28	4	34	5328	2281	CR
6	4	0	2428	4510	311	238	323	2888	1560	236	4	117	18	139	6938	872	CR
1	3	1	2227	4070	369	314	430	3227	1702	306	2	79	16	97	6298	1113	CR
7	13	0	1592	2749	370	356	414	2551	1454	327	0	15	2	17	4341	1140	CR
7	12	1	813	1568	323	319	387	1402	695	280	0	4	2	6	2382	1029	CR
7	12	0	32208	57472	1810	1490	2286	56149	31648	1724	1	431	26	458	89680	5586	CR
7	11	0	729	1374	303	298	331	1284	650	262	0	7	0	7	2103	932	CR
7	10	0	834	1570	399	392	510	1390	704	351	0	7	2	9	2404	1301	CR
7	10	0	786	1573	263	257	318	1401	660	222	0	6	2	8	2359	838	CR
7	9	0	15816	30514	2733	2654	3289	23584	11912	2361	6	186	40	232	46330	8676	IO
7	8	0	619	1096	257	254	292	951	516	217	1	1	2	4	1715	803	CR
7	7	0	617	1071	229	223	265	935	521	191	1	3	2	6	1688	717	CR
7	5	0	677	1240	236	228	264	1098	580	196	0	7	2	9	1917	728	CR
7	3	0	3366	6647	474	345	495	3180	1674	385	3	198	41	242	10013	1314	CR
6	13	0	747	1443	226	220	287	1252	632	194	0	9	1	10	2190	733	CR
6	13	0	645	1117	195	192	224	989	554	166	0	4	1	5	1762	611	CR
6	12	0	754	1510	206	205	252	1430	690	175	0	3	0	3	2264	663	CR
6	11	0	910	1673	207	201	247	1503	782	176	0	8	2	10	2583	655	CR
6	9	0	3906	8239	868	863	2632	7736	3768	774	0	7	3	10	12145	4363	CR
6	9	0	659	1158	199	194	239	1041	576	169	1	7	2	10	1817	632	CR
6	8	0	652	1331	214	206	249	1249	588	182	0	11	1	12	1983	669	CR
6	6	0	861	1565	214	192	239	1351	717	180	2	28	4	34	2426	645	CR
6	2	0	3690	7659	424	388	644	6951	3290	377	0	56	12	68	11349	1456	CR
5	10	0	4664	9463	204	182	251	7196	3324	173	0	32	16	48	14127	637	NC
5	8	0	1080	2427	210	189	249	2195	934	184	4	32	3	39	3507	648	CR
5	3	0	8896	17202	1480	1426	1932	13838	7020	1292	0	129	25	154	26098	4838	IO
4	10	1	4018	8617	428	374	616	6677	2992	351	4	77	19	100	12636	1418	CR
4	3	0	68992	229733	1032	975	1345	17842	8032	635	15	143	44	202	298725	3352	NC
3	10	0	13152	25666	2543	2438	3179	20547	10280	2278	2	227	36	265	38818	8160	IO
3	2	1	31136	59964	6164	5934	9237	35977	18048	4376	60	859	90	1009	91101	21335	IO
2	10	1	16776	39549	714	440	720	11860	6200	590	10	377	60	447	56326	1874	CR
2	3	1	50736	140432	1462	1450	8308	46252	15552	1275	3	41	9	53	191169	11220	CR
1	10	1	5324	11040	528	483	861	8627	4054	448	6	76	14	96	16365	1872	CR
1	3	0	18120	44940	421	282	463	4401	2616	327	0	189	15	204	63060	1166	CR
7	10	0	2291	3960	303	243	325	3020	1723	253	0	80	14	94	6251	871	CR
7	4	0	10744	20691	1967	1877	2201	17502	8964	1834	3	148	28	179	31435	6045	IO
6	11	1	3616	6887	111	90	118	4263	2138	93	0	24	11	35	10504	319	NC
6	4	0	39984	112830	2105	1921	3932	70249	21328	1609	24	302	41	367	152814	7958	CR
5	11	0	4010	7444	477	370	534	4406	2362	354	2	166	32	200	11454	1381	CR
5	4	1	6564	12097	806	602	957	7682	4024	563	47	358	49	454	18662	2365	CR
4	10	0	8612	20151	813	727	1390	16890	7208	630	7	161	25	193	28763	2930	CR
4	1	0	5568	10282	746	545	867	5696	3162	537	13	319	55	387	15850	2158	CR
3	7	0	1685	2999	322	295	424	1794	953	237	0	54	16	70	4684	1041	CR
2	11	0	3756	7094	469	408	613	4935	2556	365	16	117	30	163	10850	1490	CR
2	2	0	2656	4862	390	309	445	3273	1722	309	1	115	21	137	7518	1144	CR
1	10	0	5086	9493	622	509	757	6200	3298	489	30	187	35	252	14579	1888	CR
1	3	1	2055	3915	346	288	412	2970	1507	277	1	84	13	98	5971	1046	CR
7	9	0	9384	14948	757	452	652	11148	7020	604	6	363	40	409	24332	1861	CR
7	3	0	3992	7255	598	447	688	4428	2420	435	6	244	32	282	11247	1733	CR
6	10	0	7512	13633	769	614	951	5503	3260	530	22	290	98	410	21145	2334	CR
6	4	0	11096	21080	1843	1724	2106	16095	8120	1604	4	243	41	288	32176	5673	IO
5	3	1	2790	4879	435	360	513	3501	1999	351	0	113	19	132	7670	1308	CR
4	10	1	13856	37716	519	450	672	26832	9064	389	2	77	5	84	51573	1641	CR
4	2	1	10748	19724	892	498	719	13674	7624	704	8	485	64	557	30473	2109	CR
3	10	0	41984	68290	3370	2420	4074	34802	20928	2126	144	1622	208	1974	110274	9864	CR
3	2	1	2522	4583	455	390	547	3031	1674	333	6	99	16	121	7106	1392	CR
2	9	0	4480	8039	572	430	599	5014	2704	416	3	188	26	217	12519	1601	CR
2	2	0	1543	2874	360	334	463	2373	1228	267	2	30	6	38	4417	1157	CR
1	10	0	21256	41906	4840	4754	5906	35455	17592	4318	38	163	27	228	63162	15500	IO
1	4	0	4484	7829	545	424	629	4208	2412	382	6	179	40	225	12313	1598	CR
7	3	0	4398	8105	584	446	669	4799	2616	431	5	204	34	243	12503	1699	CR
6	10	1	13216	24738	2675	2584	2969	19599	10232	2342	2	165	22	189	37955	8228	IO
6	3	1	22304	37159	1805	984	1618	22864	13304	1349	29	1047	98	1174	59464	4407	CR
5	11	0	6208	10830	644	473	678	6866	4016	495	2	234	40	276	17038	1795	CR
5	2	0	4518	8533	626	482	729	4215	2254	439	7	250	42	299	13051	1837	CR
4	10	0	3582	6518	537	430	597	3857	2124	404	4	154	36	194	10100	1564	CR
4	4	1	9124	17776	1476	1397	1797	13887	7092	1331	20	150	29	199	26901	4670	IO
3	10	0	14152	38806	631	549	836	19409	6632	404	4	102	8	114	52958	2016	CR
3	2	1	4260	7989	588	435	622	4578	2432	436	1	226	44	271	12250	1645	CR
2	10	0	30624	56950	2080	1956	3253	32033	15744	1376	6	345	121	472	87574	7289	NC
2	3	0	2363	4223	393	348	476	3332	1788	297	11	68	11	90	6586	1217	CR
1	10	0	2232	4005	374	335	458	3247	1740	278	0	62	10	72	6237	1167	CR
1	6	0	4048	7217	544	405	602	4046	2280	368	5	223	35	263	11265	1551	CR
7	10	0	1804	2968	330	280	352	2293	1354	234	0	61	6	67	4772	962	CR
7	4	1	2351	4028	371	298	392	3112	1791	288	1	104	12	117	6380	1061	CR
2	10	0	3100	5388	518	422	609	3927	2274	367	3	146	15	164	8488	1549	CR
2	3	1	2360	4004	436	365	486	2757	1603	300	2	102	15	119	6365	1287	CR
1	10	0	19648	33643	1359	695	990	24034	13528	1020	9	766	43	818	53291	3044	CR
1	4	0	2295	3721	377	324	402	3121	1882	269	0	63	7	70	6016	1103	CR
7	10	1	3934	6330	512	437	599	5010	3082	384	3	113	17	133	10265	1548	CR
7	3	0	34512	76659	1666	1333	1977	54860	22816	1278	6	442	42	490	111171	4976	CR
6	10	0	5282	8730	703	530	772	5123	3244	470	9	278	43	330	14012	2005	CR
6	8	0	1809	3130	399	359	494	2541	1435	289	2	64	7	73	4939	1252	CR
5	13	0	1920	3124	365	331	428	2541	1519	251	1	52	7	60	5044	1124	CR
4	9	1	1954	3530	356	333	443	3295	1772	252	0	30	2	32	5485	1132	CR
4	10	0	33536	64850	1954	1016	1678	50076	24448	1564	33	1155	102	1290	98386	4648	CR
4	3	1	4204	7191	498	408	596	5161	2974	387	2	139	25	166	11396	1502	CR
3	9	0	3376	6557	428	409	631	5700	2806	331	0	40	5	45	9933	1468	CR
3	2	1	9236	16054	1151	1130	1560	14014	7880	1075	2	53	15	70	25291	3841	IO
2	10	0	72864	205934	946	759	1158	122474	30912	646	4	220	19	243	278798	2863	CR
2	3	0	3358	5682	394	323	523	4200	2426	298	2	114	16	132	9040	1240	CR
1	12	1	3254	5644	371	344	513	5069	2846	283	0	39	3	42	8899	1228	CR
1	3	0	50640	121234	2240	1577	2779	92348	34880	1790	4	859	68	931	171874	6596	CR
7	10	0	3734	6218	529	434	794	4831	2868	389	5	137	20	162	9952	1757	CR
7	3	0	2594	4220	347	315	529	3418	2067	248	1	54	11	66	6814	1191	CR
6	10	1	2232	3772	376	322	440	2205	1306	257	2	74	22	98	6005	1138	CR
6	3	1	22120	54734	979	906	1751	46700	17528	796	6	98	3	107	76855	3636	CR
5	10	0	7980	12978	630	398	521	9342	5372	467	2	264	21	287	20958	1549	CR
5	1	0	1659	2845	345	321	424	1604	915	239	3	36	11	50	4504	1090	CR
4	11	1	1006	1594	277	268	354	1055	651	187	1	11	3	15	2601	899	CR
4	3	1	12728	21685	844	461	683	15779	8844	657	4	435	31	470	34414	1988	CR
3	10	0	28880	64746	1062	991	1971	40181	15808	740	2	114	10	126	93626	4024	CR
3	4	0	1330	2327	363	351	433	1475	827	230	2	17	9	28	3657	1147	CR
2	12	0	14424	26000	304	286	383	25539	14056	291	41	15	1	57	40424	973	IO
2	7	0	14200	26728	1393	1354	3214	25610	13376	1233	3	87	10	100	40928	5961	CR
1	12	0	5746	9874	769	632	1063	7407	4288	584	16	227	28	271	15620	2464	CR
1	4	0	2540	4372	389	330	458	3655	2063	279	2	86	8	96	6912	1177	CR
7	10	0	4324	7241	548	431	676	4972	3008	401	6	179	27	212	11565	1655	CR
7	4	0	8260	14305	997	953	1211	12905	7360	956	1	74	11	86	22565	3161	IO
6	10	1	20168	35904	3370	3244	5106	26881	15056	2806	18	332	54	404	56073	11720	IO
6	6	0	5046	9084	528	477	906	7723	4184	421	2	80	21	103	14130	1911	CR
5	14	0	15296	25269	2827	2781	3627	22103	13296	2602	9	95	17	121	40565	9235	IO
5	8	1	3414	6369	473	342	525	4518	2390	360	3	188	26	217	9784	1340	CR
4	10	1	95424	252207	699	575	882	78287	22016	417	6	109	11	126	347632	2156	CR
4	3	0	14824	21863	868	591	966	13498	8560	650	64	367	25	456	36687	2425	CR
3	13	0	3504	5699	444	374	497	4487	2730	348	9	102	19	130	9203	1315	CR
2	23	0	2822	5058	424	351	486	3681	2020	327	2	113	20	135	7880	1261	CR
2	13	0	2973	5063	356	297	415	3764	2208	266	0	94	20	114	8036	1068	CR
2	6	1	10824	20573	135	126	153	20030	10384	126	6	14	1	21	31398	414	IO
1	11	0	4592	6691	320	289	423	3238	2100	222	1	43	10	54	11283	1032	CR
1	5	0	3176	5278	372	319	577	3993	2426	279	1	98	21	120	8454	1268	CR
7	10	0	10956	19279	128	119	130	18838	10564	123	3	13	1	17	30235	377	IO
7	4	0	10888	19744	913	783	1370	14425	8048	722	12	237	45	294	30632	3066	CR
6	10	0	3594	6316	424	354	530	4319	2468	309	4	112	23	139	9910	1308	CR
6	2	0	3384	6166	451	395	561	4708	2508	344	2	101	25	128	9550	1407	CR
5	11	1	4096	7200	487	406	723	4911	2826	355	10	145	31	186	11297	1616	CR
5	3	0	19968	35161	1016	592	909	26701	14792	757	6	535	83	624	55129	2517	CR
4	11	0	4892	8499	536	460	721	7389	4206	428	4	118	22	144	13391	1717	CR
4	6	0	17360	33613	2573	2448	6017	23338	11800	1905	9	484	79	572	50973	11038	IO
3	11	1	21872	40413	3872	3822	7327	24667	12920	2218	18	315	76	409	62286	15021	NC
3	5	1	180480	319133	8072	4010	6242	108752	51456	3316	372	5172	790	6334	499614	18324	CR
2	13	0	44464	66824	1052	930	1571	22904	14080	559	4	154	30	188	111288	3553	CR
2	8	0	2881	5188	550	503	730	3840	2040	323	0	73	15	88	8069	1783	CR
1	12	0	3460	6503	541	482	667	4371	2260	314	0	96	19	115	9963	1690	CR
1	6	0	3406	5656	571	512	731	4446	2598	355	1	98	19	118	9062	1814	CR
7	11	1	2602	4349	479	444	588	3342	1946	287	1	53	14	68	6952	1511	CR
7	6	1	5848	9068	622	570	795	6651	4212	383	4	71	10	85	14917	1987	CR
6	11	0	26944	43464	877	740	1097	20270	10208	563	6	194	34	234	70408	2714	CR
6	5	0	5292	9321	756	646	1033	5867	3404	516	6	226	42	274	14613	2435	CR
5	12	1	15576	27513	2417	2327	3098	19078	10840	1839	11	238	51	300	43090	7842	IO
5	3	0	54256	82011	1620	963	1419	42128	24224	977	10	755	58	823	136267	4002	CR
4	12	1	3726	6372	602	574	785	4760	2852	399	30	47	8	85	10099	1961	CR
4	6	1	31904	50539	863	770	1106	24010	12992	583	2	126	32	160	82444	2739	CR
3	13	1	40336	65309	1407	1330	2251	27771	14848	907	4	104	10	118	105646	4988	CR
3	1	0	4220	7774	685	597	838	4404	2326	407	10	167	26	203	11994	2120	CR
2	13	0	4666	8360	729	648	1014	5010	2818	459	9	152	41	202	13026	2391	CR
2	7	1	4274	7948	701	638	1020	5936	3164	460	0	128	15	143	12223	2359	CR
1	13	0	28208	41650	964	827	1237	18035	11120	636	13	234	43	290	69858	3028	CR
1	3	0	3330	5461	513	478	652	3675	2196	307	2	61	16	79	8791	1643	CR
7	11	1	3528	5918	550	513	787	4606	2660	360	0	66	9	75	9447	1850	CR
7	3	0	38576	55398	1355	890	1328	17365	12624	827	7	529	60	596	93974	3573	CR
6	13	1	2628	4264	528	503	652	3086	1846	328	3	42	10	55	6893	1683	CR
6	3	0	7232	12735	758	700	1236	8855	4712	471	2	75	24	101	19967	2694	CR
5	10	0	10188	16978	1473	1441	2136	14450	8536	1395	13	61	13	87	27166	5050	IO
5	3	0	6408	11881	909	861	14974	7243	4040	490	26	162	7	195	18289	16744	CR
4	9	1	3414	6050	515	493	710	5005	2704	340	2	47	4	53	9465	1718	CR
4	5	1	53056	65260	2003	1412	2089	23679	17104	975	6	696	28	730	118317	5504	CR
3	10	1	66976	111502	1191	1054	1641	40203	19968	708	7	215	47	269	178479	3886	CR
3	3	1	76096	94644	2889	2495	4596	31096	19744	1276	22	534	31	587	170741	9980	CR
4	12	0	5458	9098	1007	933	1181	5307	3204	537	1	143	27	171	14556	3121	CR
4	3	0	3706	6194	895	884	1173	4700	2726	493	18	46	7	71	9900	2952	CR
3	13	0	18320	31448	3742	3682	7854	25584	14920	3300	36	98	14	148	49768	15278	IO
3	4	1	2316	3611	722	716	862	2545	1529	372	0	25	5	30	5928	2300	CR
2	13	0	139008	277100	1779	1643	2356	107502	38720	1008	23	204	44	271	416108	5778	NC
2	9	1	5854	11854	1043	947	19779	5901	2894	583	11	202	5	218	17709	21769	CR
2	3	0	109056	191324	2552	2457	4906	48765	25024	1353	7	148	39	194	300380	9915	CR
1	12	0	3212	4908	735	720	897	3399	2162	375	1	40	8	49	8120	2352	CR
1	4	0	3046	4909	909	872	1147	3559	2126	477	1	71	17	89	7955	2928	CR
7	11	0	12044	20327	2240	2193	3599	17717	10400	2119	0	104	13	117	32371	8032	IO
7	4	1	9652	16968	1400	1381	2801	15917	8972	1035	1	34	4	39	26621	5582	CR
6	12	0	28112	47721	1631	1537	2438	41207	23440	1225	11	129	12	152	75833	5606	CR
6	4	0	8628	14847	870	843	1692	11970	6796	774	4	72	18	94	23475	3405	IO
5	11	1	2431	4180	389	383	7980	3963	2301	342	0	15	3	18	6612	8752	CR
4	22	1	20560	24112	936	860	1126	5648	3856	460	14	102	9	125	44673	2922	CR
4	12	0	20896	29062	1418	1038	2048	19738	13656	998	103	469	33	605	49958	4504	CR
4	11	0	2402	4072	170	145	286	3147	1794	137	5	57	5	67	6474	601	CR
4	7	0	1729	3289	596	591	735	2888	1406	340	0	23	2	25	5018	1922	CR
4	3	0	4320	7127	753	681	1021	4569	2782	459	5	141	26	172	11447	2455	CR
3	11	0	2585	4410	569	560	781	3802	2144	348	0	19	5	24	6995	1910	CR
3	3	0	3322	5969	610	569	852	4111	2236	375	1	71	23	95	9291	2031	CR
2	13	0	3600	5807	691	656	913	3351	2110	436	0	72	21	93	9407	2260	CR
2	2	0	11620	21564	1160	1138	2042	20024	10568	920	5	54	7	66	33184	4340	CR
1	14	0	4248	7004	724	671	920	5063	3114	501	5	93	19	117	11252	2315	CR
1	3	0	2763	4388	564	523	650	3519	2124	375	0	62	10	72	7151	1737	CR
7	11	0	3558	5396	621	568	775	3708	2392	403	0	78	16	94	8954	1964	CR
7	4	0	8324	14480	840	834	1388	13786	7736	662	0	14	1	15	22804	3062	CR
6	9	0	6952	11469	909	779	1229	7431	4292	646	11	231	43	285	18421	2917	CR
6	2	1	2823	4955	552	503	622	3579	1966	348	1	72	16	89	7779	1677	CR
5	13	1	63840	102620	1382	1229	1871	32470	16480	760	9	197	28	234	166461	4482	CR
5	3	1	11608	15323	985	705	940	8419	5840	594	4	330	29	363	26932	2630	CR
4	12	0	58304	80871	884	715	1034	2289	1408	340	0	148	7	155	139175	2633	CR
4	2	0	4762	8303	842	725	1014	6086	3494	569	2	208	28	238	13065	2581	CR
3	13	0	6150	10217	750	676	969	6253	3742	445	12	148	28	188	16367	2395	CR
3	3	1	4644	8178	768	683	1000	5651	3144	506	4	154	26	184	12823	2451	CR
2	13	0	22464	29650	1029	934	1408	9376	6864	546	3	142	18	163	52114	3371	CR
2	3	0	3754	6295	791	730	1072	4343	2590	482	8	107	20	135	10049	2593	CR
1	13	0	4452	7998	666	658	948	7037	3768	397	0	22	3	25	12450	2272	CR
1	3	0	3576	5525	664	618	870	4229	2672	403	2	84	13	99	9101	2152	CR
7	10	0	3028	4794	579	548	740	3574	2184	349	2	59	12	73	7822	1867	CR
7	3	1	4022	6503	647	616	995	5416	3312	423	3	65	14	82	10526	2258	CR
6	12	1	52736	73584	1635	1622	2824	18580	10144	876	0	24	4	28	126321	6081	CR
6	4	0	47376	70212	1557	1426	2051	22710	13344	697	9	186	23	218	117588	5034	CR
5	12	0	3234	5113	756	724	937	3476	2174	347	0	58	17	75	8347	2417	CR
5	3	0	3322	5553	702	656	863	3484	1968	328	2	74	14	90	8875	2221	CR
4	13	0	6768	11525	768	672	930	7048	4012	408	2	180	44	226	18293	2370	CR
4	5	1	11304	20647	1141	1065	1874	14792	7800	732	18	168	49	235	31952	4080	CR
3	11	0	13544	18474	759	733	1082	7326	4120	408	0	36	5	41	32018	2574	CR
2	13	0	3418	5659	581	546	770	4491	2620	327	2	51	6	59	9077	1897	CR
2	5	1	3662	6476	560	522	677	4930	2660	319	2	67	14	83	10139	1759	CR
1	10	0	56672	104966	2579	1334	1850	78678	37408	1831	20	1372	47	1439	161638	5763	CR
1	3	1	3294	5499	526	488	599	4658	2710	305	2	57	6	65	8794	1613	CR
1	3	0	3110	5405	732	712	892	4605	2540	342	2	33	10	45	8515	2336	CR
7	14	0	3806	6486	722	658	880	4955	2772	361	1	79	17	97	10292	2260	CR
5	9	1	3776	6736	577	529	719	4846	2614	371	3	97	22	122	10513	1825	CR
4	12	0	39040	55633	1684	1183	2123	32021	19712	1101	16	617	58	691	94673	4990	CR
4	4	1	4032	7278	684	607	848	4935	2644	432	7	139	34	180	11311	2139	CR
3	12	0	21248	34095	1049	918	1438	11280	6664	536	20	199	32	251	55343	3405	CR
3	5	0	4344	8025	692	626	872	4911	2528	367	1	107	26	134	12369	2190	CR
2	12	0	2718	4698	566	528	663	3601	1992	306	0	50	10	60	7416	1757	CR
2	1	0	3024	5630	596	560	721	4114	2098	341	0	64	20	84	8654	1877	CR
1	2	0	10152	17099	1636	1599	2755	15382	8980	1613	2	55	10	67	27251	5990	IO
7	2	0	4708	8090	678	594	889	4664	2690	390	1	142	37	180	12798	2161	CR
6	14	0	2772	4642	526	479	604	3353	1943	305	2	72	9	83	7414	1609	CR
6	6	0	2812	4954	536	485	672	3382	1853	323	4	79	16	99	7766	1693	CR
5	10	1	6460	11373	823	706	1197	6279	3612	505	25	244	44	313	17834	2726	CR
4	10	0	18056	32576	1062	875	1389	26514	14728	701	25	307	58	390	50632	3326	CR
4	4	0	5016	8745	679	569	966	5904	3322	488	6	212	36	254	13761	2214	CR
3	11	0	3528	6181	470	415	583	4249	2352	322	2	95	17	114	9709	1468	CR
2	11	0	6444	11509	734	625	1157	7910	4136	512	5	194	33	232	17953	2516	CR
1	13	1	4458	7753	491	432	676	5493	3106	340	6	101	29	136	12212	1599	CR
1	2	0	12540	19301	344	322	396	16914	11008	289	3	46	14	63	31841	1062	NC
7	13	1	4362	7378	604	509	767	5681	3216	469	3	156	20	179	11741	1880	CR
7	2	0	38960	65149	2298	1702	3000	57722	34368	1978	37	821	90	948	104109	7000	CR
6	13	0	3144	5067	392	356	507	3586	2148	271	1	58	13	72	8211	1255	CR
6	8	1	4336	7705	574	484	847	5156	2752	403	12	155	23	190	12042	1905	CR
5	13	0	81856	124753	3000	1637	2718	52477	27392	1756	45	1639	122	1806	206609	7355	CR
5	9	0	5728	10164	676	587	1049	6890	3714	475	3	155	32	190	15892	2312	CR
4	13	1	5490	9518	647	555	847	6549	3716	476	4	166	33	203	15009	2049	CR
4	3	1	23832	42313	1701	1570	2838	37816	21352	1578	6	210	39	255	66146	6109	IO
3	7	0	18552	25542	1005	676	1021	15973	10584	676	4	400	25	429	44094	2702	CR
2	14	0	4132	7165	552	495	713	4908	2754	398	2	98	18	118	11297	1760	CR
2	8	0	4910	9209	625	561	869	5768	2812	411	12	138	38	188	14119	2055	CR
1	13	0	4202	7633	562	481	730	6173	3298	428	3	148	16	167	11835	1773	CR
1	3	0	5976	10441	689	544	833	7055	4046	487	2	267	40	309	16417	2066	CR
7	14	0	5206	8962	565	492	878	6461	3708	414	1	144	29	174	14168	1935	CR
7	2	0	6984	12066	780	631	1116	8188	4776	570	25	256	54	335	19050	2527	CR
6	9	0	6000	10300	577	539	886	7886	4454	429	3	72	24	99	16300	2002	CR
6	3	0	3332	5797	463	406	552	4347	2330	341	0	87	18	105	9129	1421	CR
5	7	0	9232	16811	908	861	1967	12996	7200	843	1	129	36	166	26043	3736	IO
4	15	1	5212	9035	736	642	1005	6258	3608	597	1	179	30	210	14248	2383	CR
3	13	0	24264	51899	1599	1485	3153	48466	21928	1392	9	194	33	236	76163	6237	CR
3	8	0	4280	7594	624	555	771	4632	2530	497	1	124	32	157	11874	1950	CR
2	13	0	6692	11859	905	742	1165	8391	4692	737	4	304	47	355	18551	2812	CR
2	2	1	5594	9586	739	670	1048	5732	3256	555	12	138	39	189	15181	2457	CR
1	2	0	11336	15350	583	547	724	13876	10160	484	4	41	9	54	26686	1854	CR
7	3	1	5582	9903	708	620	923	6315	3422	557	2	163	35	200	15486	2251	CR
6	14	0	28352	55202	1476	1242	1990	47899	24512	1185	45	407	76	528	83554	4708	CR
6	3	1	17912	34774	2750	2567	6591	21009	11408	2256	17	447	123	587	52687	11908	IO
5	7	1	35360	45260	339	325	477	9105	5472	156	7	38	11	56	80621	1141	NC
5	5	0	9084	15194	962	916	1897	11853	7024	758	2	93	26	121	24278	3775	CR
4	12	1	6880	11736	671	639	889	9389	5232	556	0	59	16	75	18617	2199	CR
4	7	1	12824	18929	830	623	864	15678	10968	705	0	286	30	316	31754	2317	CR
3	7	0	6596	9835	564	526	678	8242	5352	456	0	66	13	79	16431	1768	CR
2	13	1	7492	12414	838	713	1274	8452	5024	670	8	236	51	295	19907	2825	CR
2	6	1	44288	60918	1215	1105	1746	22130	14224	814	2	152	11	165	105207	4066	CR
1	14	1	105632	147918	3984	2254	3391	48575	27328	1936	51	1998	128	2177	253551	9629	CR
7	14	0	128064	251269	1539	1408	2506	84046	32384	985	8	186	18	212	379333	5453	CR
6	20	0	5994	9970	964	838	1254	6896	3998	683	11	235	34	280	15964	3056	CR
6	13	0	6172	10417	718	684	906	7692	4234	508	1	64	22	87	16589	2308	CR
6	3	0	4986	8198	662	614	788	5685	3230	469	2	92	28	122	13184	2064	CR
5	13	0	6668	10701	669	642	943	7956	4696	492	3	53	13	69	17369	2254	CR
5	7	1	5298	8875	657	575	874	5640	3206	471	5	140	38	183	14174	2106	CR
4	3	0	35008	45508	621	597	768	8149	4864	389	0	48	8	56	80516	1986	CR
3	13	1	5402	8891	700	633	1078	6733	3992	514	0	112	14	126	14294	2411	CR
3	8	0	9880	12695	524	497	658	7072	4732	382	0	35	5	40	22575	1679	CR
2	13	0	3334	5953	584	565	842	4954	2604	440	4	37	3	44	9287	1991	CR
2	2	1	3130	5313	522	495	616	3821	2112	385	0	48	14	62	8444	1633	CR
1	13	1	32208	55696	1933	1367	2123	43980	24720	1568	6	766	109	881	87905	5423	CR
1	2	0	20920	26026	705	642	913	13546	9768	538	1	96	18	115	46946	2260	CR
7	14	0	3884	6406	518	483	597	4747	2686	392	1	57	13	71	10290	1598	CR
7	13	0	4240	7057	601	542	730	5026	2868	461	3	114	21	138	11297	1873	CR
6	9	0	3544	6156	509	482	701	5011	2746	387	1	51	6	58	9700	1692	CR
6	3	1	3286	6276	504	458	633	4010	2162	376	1	87	27	115	9563	1595	CR
5	9	0	71360	110172	1784	1732	3383	47977	25888	1103	5	81	11	97	181532	6899	CR
5	3	0	3824	6333	666	627	822	4447	2604	462	1	71	18	90	10157	2115	CR
4	13	0	6360	11079	715	631	1028	6661	3864	505	9	164	52	225	17439	2374	CR
4	5	1	3714	6385	537	481	645	4441	2512	395	5	91	26	122	10100	1663	CR
3	13	1	46192	80227	1364	1096	1697	32842	16960	762	9	329	38	376	126420	4157	CR
3	4	1	39568	47128	741	652	957	22022	16096	519	4	128	17	149	86697	2350	CR
2	6	0	70912	94172	1374	1106	1267	42338	27232	788	1	379	40	420	165084	3747	NC
1	3	0	4552	7253	471	444	569	4440	2664	316	1	52	24	77	11805	1484	CR
7	10	0	4390	7004	484	453	602	4607	2862	347	1	63	26	90	11394	1539	CR
7	3	0	4770	7716	494	455	632	5040	3114	344	2	97	25	124	12486	1581	CR
6	9	1	2970	4649	421	390	544	3346	2044	301	2	56	9	67	7620	1355	CR
6	4	0	34192	42092	338	322	389	22907	16464	230	1	36	7	44	76284	1049	NC
5	13	0	5302	8769	624	566	979	6021	3606	441	4	138	26	168	14071	2169	CR
5	3	0	5560	9301	642	586	984	6600	3916	463	7	142	24	173	14861	2212	CR
4	13	0	4406	6769	477	433	571	4550	2830	335	1	75	15	91	11175	1481	CR
4	3	1	5290	8132	612	570	857	6032	3794	454	1	89	14	104	13423	2039	CR
5	14	1	3696	5824	517	474	742	4166	2650	391	2	63	16	81	9521	1733	CR
4	14	1	6030	9579	735	659	1448	6956	4418	572	3	176	29	208	15610	2842	CR
4	7	0	49632	1110282	1653	1480	2567	1107833	48368	1513	7	227	15	249	1159914	5700	CR
3	15	0	9120	14759	951	937	1290	13246	8004	924	3	25	6	34	23879	3178	IO
3	10	0	1874	2474	25	25	31	1483	1062	15	0	0	0	0	4348	81	CR
3	10	0	4122	7073	466	455	609	5827	3302	361	1	27	11	39	11195	1530	CR
3	4	0	5080	8238	523	505	727	6630	3892	403	0	39	14	53	13318	1755	CR
2	12	0	4068	7333	538	513	934	5914	3198	402	0	61	13	74	11401	1985	CR
2	3	0	3272	6079	463	446	653	5079	2644	357	0	32	7	39	9351	1562	CR
1	19	0	238	570	143	142	834	567	236	99	0	2	0	2	808	1119	CR
1	18	0	3358	5900	541	507	4550	4650	2800	344	8	109	3	120	9258	5598	CR
1	18	0	6400	11941	735	726	8415	10987	5916	628	0	32	6	38	18341	9876	CR
1	3	0	6876	10885	282	245	337	9403	5752	259	2	68	15	85	17761	864	NC
7	18	0	391	746	131	130	766	723	380	93	0	6	1	7	1137	1027	CR
7	17	0	10844	22468	1409	1339	11064	18310	8848	1086	4	213	13	230	33312	13812	CR
7	15	0	5132	9067	398	398	1690	9065	5132	393	0	2	0	2	14199	2486	CR
7	15	0	3772	6971	144	144	1033	6932	3758	140	0	3	0	3	10743	1321	CR
7	14	0	2933	5144	24	23	26	3972	2012	19	0	6	0	6	8077	73	NC
7	12	0	4094	7469	206	203	1420	7451	4088	200	0	4	0	4	11563	1829	CR
6	17	0	452	726	186	184	889	721	450	114	0	4	1	5	1178	1259	CR
6	17	0	11420	23855	1411	1342	8049	16634	8032	865	12	211	14	237	35275	10802	CR
6	15	0	5704	10510	452	450	2895	9348	5388	361	1	15	1	17	16214	3797	CR
6	15	0	7192	12811	587	554	3941	11519	6616	472	11	95	4	110	20003	5082	CR
6	13	1	9604	16557	1061	1037	9614	13618	7984	705	16	127	0	143	26162	11712	CR
6	10	0	122944	457509	1373	1268	2106	72846	13184	475	0	136	13	149	580453	4747	CR
6	6	0	5730	10083	103	71	97	8964	4830	92	2	32	15	49	15813	271	NC
6	3	0	4898	7960	560	528	719	6380	3730	363	1	76	9	86	12858	1807	CR
5	10	0	4118	7355	546	526	675	6423	3466	379	1	28	7	36	11473	1747	CR
5	4	1	1845	2670	9	9	9	1614	1008	9	0	0	0	0	4516	27	CR
4	13	0	34480	191207	1591	1156	1926	184270	30720	1292	10	664	97	771	225687	4673	CR
2	9	0	5338	9940	589	556	715	8146	3920	363	1	62	10	73	15278	1860	CR
2	5	0	5312	9411	603	582	795	7034	3588	345	0	48	20	68	14723	1980	CR
1	13	1	4412	8070	711	678	926	6937	3478	346	1	55	7	63	12483	2315	CR
1	2	1	98816	125026	11452	11328	18115	16682	10336	1356	10	197	21	228	223843	40895	CR
7	10	1	7220	12735	2348	2300	3311	9837	5296	642	6	88	24	118	19956	7959	CR
7	5	1	14320	21958	1850	1819	2170	9579	4664	413	2	59	6	67	36279	5839	CR
6	13	1	27056	162816	2299	2127	2737	160270	25424	1146	6	234	26	266	189873	7163	CR
6	6	0	20528	33000	1876	1800	2654	14636	7632	656	3	148	21	172	53528	6330	CR
5	12	0	6416	11459	1362	1313	1652	9122	4716	497	0	96	29	125	17875	4327	CR
5	6	0	5786	10634	1237	1218	1526	9103	4764	483	4	49	15	68	16420	3981	CR
4	12	0	5878	10508	1132	1087	1380	8471	4528	446	3	98	27	128	16386	3599	CR
4	3	0	9528	16535	1383	1288	1834	11276	6260	630	14	198	70	282	26063	4505	CR
3	13	0	8500	14157	1095	1029	1422	9670	5640	465	5	159	53	217	22657	3546	CR
3	9	1	3796	6737	949	940	1192	5249	2694	398	1	22	6	29	10534	3081	CR
3	6	0	28128	42940	2283	2190	3400	9183	4560	621	6	154	18	178	71068	7873	CR
2	13	0	7228	12627	1239	1189	1612	9781	5348	606	5	128	32	165	19855	4040	CR
2	3	1	5290	9100	1053	994	1326	6285	3578	441	2	129	32	163	14391	3373	CR
1	13	0	55520	665792	4544	3586	6624	648611	47488	3430	146	1546	181	1873	721312	14754	CR
1	4	0	5880	10115	1291	1264	1878	8536	4884	706	5	79	11	95	15995	4433	CR
7	13	1	10040	17029	1429	1346	2022	11744	6964	742	19	214	78	311	27070	4797	CR
7	2	1	153536	497910	1713	1633	2493	8907	5696	593	8	134	34	176	651447	5839	CR
6	13	0	158208	453213	2482	2319	3412	81938	20608	1034	9	268	36	313	611421	8213	CR
6	3	0	6484	10832	1166	1115	1441	7316	4280	583	4	128	38	170	17316	3722	CR
5	13	1	4840	7466	949	923	1116	5362	3370	447	3	47	21	71	12307	2988	CR
5	3	1	15880	51571	1188	1071	1410	47976	13560	677	1	200	37	238	67452	3669	CR
4	12	0	15288	31467	1573	1401	2110	28247	13312	1052	5	264	36	305	46755	5084	CR
4	3	0	9528	16779	1245	1175	1725	11885	6672	729	10	193	61	264	26307	4145	CR
3	13	0	9356	14986	448	381	505	13919	8460	392	4	114	13	131	24342	1334	NC
3	3	0	7732	13264	1066	1002	1336	8753	4880	570	7	160	57	224	20996	3404	CR
2	13	0	5240	8893	857	837	1020	7420	4232	466	0	46	15	61	14133	2714	CR
2	4	1	7132	12060	1004	944	1226	8294	4736	576	4	136	42	182	19193	3174	CR
1	12	0	21928	39641	1512	1479	1837	6338	3672	497	0	73	13	86	61569	4828	CR
6	16	1	5754	9238	1179	1143	1452	6101	3546	420	0	65	19	84	14993	3774	CR
6	10	1	37088	10966	2728	2288	3183	66311	34352	2021	7	579	47	633	48055	8199	CR
6	4	0	39600	7927	572	496	581	12522	8176	167	1	101	5	107	47527	1649	NC
5	13	0	5536	8745	1141	1099	1461	5225	3098	483	1	74	31	106	14281	3701	CR
5	4	0	6056	10325	1117	1078	1427	6823	3788	487	7	84	36	127	16381	3622	CR
4	11	0	11484	20696	1762	1635	2741	8774	5124	722	56	360	99	515	32180	6138	CR
4	4	1	4938	7910	66	63	70	6625	3804	59	0	5	2	7	12849	199	NC
3	10	0	66784	9456	2969	2833	3645	17809	11328	801	3	187	36	226	76240	9447	CR
3	3	0	5526	8779	1096	1058	1399	5732	3412	453	2	69	26	97	14305	3553	CR
2	7	0	5040	8367	1062	1023	1348	5485	3068	437	2	82	24	108	13407	3433	CR
2	2	0	5168	8371	66	59	71	7041	3996	58	0	12	2	14	13539	196	NC
1	12	0	5034	8030	1020	993	1243	5340	3094	440	2	56	25	83	13064	3256	CR
1	2	0	4908	7491	957	937	1153	4642	2842	393	1	44	21	66	12399	3047	CR
7	10	0	9700	17442	1407	1271	2007	8872	4876	660	21	277	80	378	27142	4685	CR
7	2	0	4800	7754	975	938	1278	4932	2820	432	1	74	28	103	12554	3191	CR
6	11	0	5280	8703	951	911	1237	5757	3300	431	1	79	30	110	13983	3099	CR
6	3	1	6184	10228	956	901	1140	6085	3502	437	1	105	46	152	16413	2997	CR
5	11	0	45920	5808	753	655	763	15766	10720	220	0	128	9	137	51728	2171	NC
1	2	0	8412	13960	1179	1111	1632	8632	5348	699	17	185	55	257	22372	3922	CR
7	10	0	5400	9218	810	756	1003	5654	3230	422	10	125	41	176	14618	2569	CR
7	2	0	4684	7536	733	708	985	4750	2876	392	5	53	26	84	12220	2426	CR
5	8	0	3480	6229	537	508	687	3961	2104	301	0	53	22	75	9709	1732	CR
5	2	0	3778	7216	625	572	795	4742	2388	363	4	93	18	115	10994	1992	CR
4	11	0	4156	7564	626	574	832	4534	2452	370	7	91	38	136	11720	2032	CR